{
  "accuracy": 0.52593410399619,
  "precision_macro": 0.40198224056962534,
  "recall_macro": 0.5359944663440742,
  "f1_macro": 0.40778333907708486,
  "precision_per_class": {
    "no-damage": 0.913117376524695,
    "minor-damage": 0.21138906152889994,
    "major-damage": 0.1132583557738001,
    "destroyed": 0.37016416845110633
  },
  "recall_per_class": {
    "no-damage": 0.5167916254067053,
    "minor-damage": 0.5006439742410304,
    "major-damage": 0.3333333333333333,
    "destroyed": 0.7932089323952279
  },
  "f1_per_class": {
    "no-damage": 0.6600299915084283,
    "minor-damage": 0.2972633418910799,
    "major-damage": 0.16907070229368645,
    "destroyed": 0.504769320615145
  },
  "support_per_class": {
    "no-damage": 35345,
    "minor-damage": 5435,
    "major-damage": 2145,
    "destroyed": 3269
  },
  "confusion_matrix": [
    [
      18266,
      9058,
      4370,
      3651
    ],
    [
      1286,
      2721,
      968,
      460
    ],
    [
      334,
      795,
      715,
      301
    ],
    [
      118,
      298,
      260,
      2593
    ]
  ],
  "confusion_matrix_normalized": [
    [
      0.5167916254067053,
      0.2562738718347715,
      0.12363842127599378,
      0.10329608148252935
    ],
    [
      0.23661453541858327,
      0.5006439742410304,
      0.1781048758049678,
      0.08463661453541858
    ],
    [
      0.15571095571095572,
      0.3706293706293706,
      0.3333333333333333,
      0.14032634032634034
    ],
    [
      0.036096665646986846,
      0.09115937595594983,
      0.07953502600183543,
      0.7932089323952279
    ]
  ]
}