{
  "accuracy": 0.3440057150279257,
  "precision_macro": 0.37334129035863867,
  "recall_macro": 0.49382981252234603,
  "f1_macro": 0.31087546781705755,
  "precision_per_class": {
    "no-damage": 0.9402179346196141,
    "minor-damage": 0.19276748356246265,
    "major-damage": 0.06816292601828762,
    "destroyed": 0.2922168172341904
  },
  "recall_per_class": {
    "no-damage": 0.26609138492007356,
    "minor-damage": 0.593376264949402,
    "major-damage": 0.34405594405594403,
    "destroyed": 0.7717956561639645
  },
  "f1_per_class": {
    "no-damage": 0.41479227308811856,
    "minor-damage": 0.29099932325738775,
    "major-damage": 0.11378353376503238,
    "destroyed": 0.42392674115769136
  },
  "support_per_class": {
    "no-damage": 35345,
    "minor-damage": 5435,
    "major-damage": 2145,
    "destroyed": 3269
  },
  "confusion_matrix": [
    [
      9405,
      12116,
      8373,
      5451
    ],
    [
      435,
      3225,
      1375,
      400
    ],
    [
      126,
      1021,
      738,
      260
    ],
    [
      37,
      368,
      341,
      2523
    ]
  ],
  "confusion_matrix_normalized": [
    [
      0.26609138492007356,
      0.34279247418305275,
      0.23689347856839724,
      0.15422266232847645
    ],
    [
      0.08003679852805888,
      0.593376264949402,
      0.2529898804047838,
      0.07359705611775529
    ],
    [
      0.05874125874125874,
      0.475990675990676,
      0.34405594405594403,
      0.12121212121212122
    ],
    [
      0.011318446007953502,
      0.11257265218721321,
      0.10431324564086877,
      0.7717956561639645
    ]
  ]
}