{
  "accuracy": 0.6636143222063472,
  "precision_macro": 0.4376516334805929,
  "recall_macro": 0.5303474346798869,
  "f1_macro": 0.46513759304297553,
  "precision_per_class": {
    "no-damage": 0.886654668789368,
    "minor-damage": 0.2622322137000793,
    "major-damage": 0.1356761565836299,
    "destroyed": 0.46604349484929414
  },
  "recall_per_class": {
    "no-damage": 0.7248267081623992,
    "minor-damage": 0.36485740570377184,
    "major-damage": 0.28438228438228436,
    "destroyed": 0.7473233404710921
  },
  "f1_per_class": {
    "no-damage": 0.7976151559021778,
    "minor-damage": 0.30514734169423713,
    "major-damage": 0.18370727300105405,
    "destroyed": 0.5740806015744331
  },
  "support_per_class": {
    "no-damage": 35345,
    "minor-damage": 5435,
    "major-damage": 2145,
    "destroyed": 3269
  },
  "confusion_matrix": [
    [
      25619,
      4664,
      2794,
      2268
    ],
    [
      2323,
      1983,
      803,
      326
    ],
    [
      658,
      672,
      610,
      205
    ],
    [
      294,
      243,
      289,
      2443
    ]
  ],
  "confusion_matrix_normalized": [
    [
      0.7248267081623992,
      0.1319564294808318,
      0.07904937049087565,
      0.06416749186589334
    ],
    [
      0.42741490340386384,
      0.36485740570377184,
      0.14774609015639376,
      0.05998160073597056
    ],
    [
      0.3067599067599068,
      0.3132867132867133,
      0.28438228438228436,
      0.09557109557109557
    ],
    [
      0.08993576017130621,
      0.07433465891710003,
      0.08840624044050169,
      0.7473233404710921
    ]
  ]
}