{
  "accuracy": 0.5922630644672469,
  "precision_macro": 0.4153698283776478,
  "recall_macro": 0.5292960694336538,
  "f1_macro": 0.43492450688834094,
  "precision_per_class": {
    "no-damage": 0.8967805357581715,
    "minor-damage": 0.23305768455022186,
    "major-damage": 0.11330298431967628,
    "destroyed": 0.4183381088825215
  },
  "recall_per_class": {
    "no-damage": 0.6194369783562031,
    "minor-damage": 0.42520699172033116,
    "major-damage": 0.3132867132867133,
    "destroyed": 0.7592535943713674
  },
  "f1_per_class": {
    "no-damage": 0.7327431851269265,
    "minor-damage": 0.3010878770112696,
    "major-damage": 0.1664190193164933,
    "destroyed": 0.5394479460986742
  },
  "support_per_class": {
    "no-damage": 35345,
    "minor-damage": 5435,
    "major-damage": 2145,
    "destroyed": 3269
  },
  "confusion_matrix": [
    [
      21894,
      6613,
      3945,
      2893
    ],
    [
      1858,
      2311,
      942,
      324
    ],
    [
      495,
      744,
      672,
      234
    ],
    [
      167,
      248,
      372,
      2482
    ]
  ],
  "confusion_matrix_normalized": [
    [
      0.6194369783562031,
      0.18709859951902674,
      0.11161408968736738,
      0.08185033243740275
    ],
    [
      0.34185832566697333,
      0.42520699172033116,
      0.1733210671573137,
      0.05961361545538178
    ],
    [
      0.23076923076923078,
      0.34685314685314683,
      0.3132867132867133,
      0.10909090909090909
    ],
    [
      0.051085959008871216,
      0.07586417864790455,
      0.11379626797185684,
      0.7592535943713674
    ]
  ]
}